{
    "matchInfo": {
        "league": "2024-25 UEFA Champions League",
        "round": "Round of 16"
    },
    "team1": {
        "name": "Real Madrid",
        "logo": "https://logos-world.net/wp-content/uploads/2020/06/Real-Madrid-Logo.png",
        "goalScorers": [
            "Ronaldo (3', 45')",
            "Benzema (60')"
        ],
        "score": 2
    },
    "team2": {
        "name": "Atletico Madrid",
        "logo": "https://logos-world.net/wp-content/uploads/2020/06/atletico-madrid-Logo.png",
        "goalScorers": [
            "Griezmann (78')"
        ],
        "score": 1
    },
    "manOfTheMatch": "Ronaldo",
    "possession": {
        "team1": 51.4,
        "team2": 48.6
    },
    "matchStats": {
        "shotsOnGoal": {
            "team1": 10,
            "team2": 15
        },
        "shotAttempts": {
            "team1": 13,
            "team2": 6
        },
        "offSide": {
            "team1": 10,
            "team2": 13
        },
        "yelllowCard": {
            "team1": 10,
            "team2": 13
        },
        "redCard": {
            "team1": 10,
            "team2": 13
        }
    }
}